<?xml version="1.0" encoding="UTF-8" standalone="yes"?>
<addon id="repository.islamic" name="Islamic Repository" version="0.0.1" provider-name="asrulhadi">
    <extension point="xbmc.addon.repository" name="Islamic Repository">
        <dir>
            <info compressed="false">https://raw.githubusercontent.com/asrulhadi/kodi/master/repo/addons.xml</info>
            <checksum>https://raw.githubusercontent.com/asrulhadi/kodi/master/repo/addons.xml.md5</checksum>
            <datadir zip="true">https://raw.githubusercontent.com/asrulhadi/kodi/master/repo/</datadir>
        </dir>
    </extension>
    <extension point="xbmc.addon.metadata">
        <summary>Home of The Community Portal</summary>
        <description>My own repo for islamic contents</description>
        <platform>all</platform>
    </extension>
</addon>
